branchID,processorID,FeatureID,ModelID,displayID,Price,Rating,Ram_capacity,Internal_memory,Battery_capacity,Num_rear_cameras,Primary_camera_rear,Primary_camera_front
0,0,0,0,0,54999,89.0,12,256,5000.0,3,50.0,16.0
0,1,1,1,1,19989,81.0,6,128,5000.0,3,64.0,16.0
1,2,2,2,2,16499,75.0,4,64,5000.0,3,50.0,13.0
2,1,3,3,3,14999,81.0,6,128,5000.0,3,50.0,16.0
3,3,4,4,4,24999,82.0,6,128,5000.0,3,108.0,16.0
1,1,5,5,5,16999,80.0,6,128,5000.0,3,50.0,8.0
4,4,6,6,6,65999,81.0,6,128,3279.0,2,12.0,12.0
5,3,7,7,7,29999,86.0,8,256,4980.0,3,200.0,16.0
6,5,8,8,3,26749,85.0,8,128,4500.0,2,50.0,16.0
0,6,9,9,8,28999,84.0,8,128,4500.0,3,50.0,32.0
3,1,1,10,9,18999,82.0,6,128,5000.0,2,108.0,16.0
7,7,10,11,10,18999,79.0,8,128,5000.0,2,50.0,8.0
5,3,11,12,7,24762,79.0,6,128,5000.0,3,50.0,16.0
8,1,12,13,11,16990,80.0,6,128,5000.0,3,50.0,16.0
1,0,13,14,12,114990,78.25824800910125,8,256,5000.0,4,200.0,12.0
4,4,6,15,6,62999,79.0,4,128,3240.0,2,12.0,12.0
8,8,14,16,13,9999,65.0,3,32,5000.0,2,13.0,5.0
7,0,9,17,4,45999,86.0,16,256,4700.0,3,50.0,32.0
0,9,9,18,4,32999,86.0,8,128,5000.0,3,50.0,16.0
8,10,15,19,14,14499,72.0,4,64,5000.0,2,50.0,8.0
0,0,0,20,4,39999,85.0,8,128,5000.0,3,50.0,16.0
8,6,16,21,15,35999,85.0,8,128,4830.0,3,64.0,32.0
9,1,17,22,7,14999,80.0,6,64,5000.0,3,64.0,16.0
5,11,18,23,7,17859,76.0,4,128,5000.0,3,48.0,13.0
8,12,0,24,16,42990,87.0,12,256,4800.0,3,64.0,32.0
1,13,19,25,17,31239,88.0,8,128,4500.0,3,12.0,32.0
0,1,1,26,1,21995,84.0,8,128,5000.0,3,64.0,16.0
4,14,6,27,18,129990,76.0,6,128,4323.0,3,48.0,12.0
8,15,20,28,19,27999,83.0,8,128,4500.0,3,64.0,50.0
0,0,0,29,0,69999,78.25824800910125,8,128,4500.0,3,50.0,16.0
3,1,1,30,9,19999,84.0,8,128,5000.0,2,108.0,16.0
9,16,21,31,7,20999,81.0,6,128,5000.0,3,108.0,16.0
8,7,22,32,20,27990,83.0,8,256,4700.0,3,64.0,50.0
4,17,23,33,21,38999,73.0,4,64,3110.0,2,12.0,12.0
1,18,24,34,16,23790,85.0,6,128,5000.0,4,108.0,32.0
1,19,25,35,22,39999,87.0,8,128,4500.0,3,12.0,32.0
7,1,26,36,7,29990,87.0,8,256,5000.0,3,108.0,16.0
1,20,13,37,23,91999,78.25824800910125,12,256,5000.0,4,108.0,40.0
5,21,27,38,24,32999,83.0,6,128,5200.0,4,108.0,32.0
7,16,28,39,4,28499,83.0,8,256,4500.0,2,64.0,32.0
0,1,29,40,4,21999,83.0,6,128,5000.0,3,108.0,16.0
5,1,17,41,7,19999,83.0,6,128,5000.0,3,108.0,16.0
2,18,30,42,25,18999,87.0,6,128,5000.0,3,108.0,32.0
3,3,4,43,4,27999,85.0,8,256,5000.0,3,108.0,16.0
8,16,31,44,26,18499,80.0,8,128,5000.0,3,50.0,16.0
1,2,5,45,27,17478,81.0,6,128,6000.0,4,50.0,8.0
5,16,32,46,8,11936,76.0,4,64,5000.0,4,50.0,13.0
3,22,33,47,28,8950,64.0,3,32,5000.0,2,50.0,5.0
8,8,14,48,13,12489,68.0,4,64,5000.0,2,13.0,5.0
1,21,34,49,4,42999,78.25824800910125,8,128,5000.0,4,108.0,32.0
1,2,2,50,2,18999,79.0,6,128,5000.0,3,50.0,13.0
10,23,35,51,29,29999,82.0,8,128,5000.0,3,64.0,16.0
11,1,36,52,30,11990,64.0,4,32,5000.0,1,13.0,8.0
2,1,30,53,27,18999,83.0,6,128,5000.0,3,50.0,16.0
3,24,37,54,31,13999,74.0,4,64,5000.0,2,50.0,16.0
3,18,12,55,2,14965,75.0,4,64,5000.0,3,50.0,8.0
4,4,6,56,32,74999,82.0,6,128,4325.0,2,12.0,12.0
5,25,32,57,33,10999,78.0,6,64,5000.0,4,64.0,13.0
1,0,13,58,34,84990,89.0,8,256,4700.0,3,50.0,12.0
2,16,37,59,35,10499,75.0,4,64,5000.0,3,50.0,16.0
5,15,21,60,24,17990,78.0,6,128,5000.0,3,108.0,16.0
8,0,38,61,29,29990,85.0,8,128,4600.0,3,64.0,50.0
1,16,39,62,36,18499,79.0,6,128,5000.0,4,50.0,8.0
8,10,15,63,14,16499,75.0,6,128,5000.0,2,50.0,8.0
9,18,18,64,37,14999,81.0,6,128,5000.0,2,50.0,16.0
8,23,38,65,29,35499,86.0,8,256,4600.0,3,50.0,50.0
0,20,9,66,0,60999,89.0,8,128,5000.0,3,50.0,32.0
5,3,7,67,7,32999,87.0,12,256,4980.0,3,200.0,16.0
1,1,5,68,5,15999,78.0,4,128,5000.0,3,50.0,8.0
7,0,28,69,38,99990,78.25824800910125,8,256,5000.0,2,50.0,16.5891282051282
7,8,33,70,39,9499,62.0,3,64,5000.0,1,8.0,5.0
8,26,40,71,40,27994,86.0,12,256,4200.0,3,64.0,50.0
10,11,12,72,11,13989,75.0,4,64,5000.0,2,50.0,8.0
0,0,41,73,4,44999,85.0,8,128,4800.0,3,50.0,16.0
5,7,42,74,41,13999,79.0,6,128,5000.0,3,48.0,8.0
12,27,43,75,42,6190,78.25824800910125,4,32,3500.0,2,13.0,5.0
4,4,6,76,43,119900,83.0,6,128,3095.0,3,12.0,12.0
7,1,44,77,44,27660,83.0,8,128,4800.0,3,64.0,32.0
1,28,34,78,41,24999,75.0,6,128,5000.0,4,48.0,13.0
5,10,45,79,45,8388,66.0,4,64,5000.0,1,13.0,5.0
2,24,46,80,3,15999,83.0,6,128,5000.0,3,108.0,16.0
1,2,2,81,2,20999,82.0,8,128,5000.0,3,50.0,13.0
3,18,12,82,41,13999,75.0,4,64,5000.0,3,48.0,16.0
8,1,12,83,11,19990,83.0,8,128,5000.0,3,50.0,16.0
1,7,2,84,30,13999,75.0,6,128,5000.0,2,50.0,5.0
2,5,8,85,46,22999,83.0,6,128,4020.0,3,50.0,32.0
1,1,24,86,5,22999,79.0,6,128,5000.0,4,50.0,8.0
7,18,1,87,10,16999,79.0,8,128,5000.0,2,48.0,8.0
5,16,32,88,8,14290,80.0,6,128,5000.0,4,50.0,13.0
1,16,5,89,16,41999,78.25824800910125,8,128,5000.0,4,108.0,32.0
8,8,15,90,13,13489,69.0,4,64,5000.0,2,13.0,8.0
0,9,6,91,1,22990,83.0,8,128,5000.0,3,64.0,16.0
2,1,3,92,3,16499,84.0,8,128,5000.0,3,50.0,16.0
8,0,47,93,47,73999,78.25824800910125,12,256,4700.0,4,50.3,32.0
3,22,33,94,28,9999,67.0,4,64,5000.0,2,50.0,5.0
3,16,37,95,48,12499,75.0,4,64,5000.0,3,50.0,16.0
7,8,48,96,39,12499,72.0,4,64,5000.0,2,50.0,5.0
10,0,49,97,49,59999,88.0,8,256,5000.0,3,50.0,16.0
8,20,38,98,50,106990,78.25824800910125,12,256,4600.0,4,50.0,16.0
8,1,12,99,11,15990,78.0,4,128,5000.0,3,50.0,16.0
4,14,6,100,51,119990,75.0,6,128,3200.0,3,48.0,12.0
5,16,50,101,7,19999,83.0,6,128,5200.0,4,108.0,32.0
2,29,51,102,52,23990,83.0,8,128,4400.0,3,50.0,32.0
3,18,1,103,2,12999,80.0,8,128,5000.0,2,50.0,8.0
7,18,52,104,33,19990,82.0,8,128,4310.0,4,48.0,16.0
5,0,35,105,53,58990,78.25824800910125,8,128,4820.0,3,50.3,32.0
8,12,53,106,54,43999,87.0,12,256,5000.0,3,108.0,32.0
1,20,25,107,55,49999,86.0,8,128,3700.0,3,50.0,10.0
8,16,31,108,56,15999,79.0,6,128,5000.0,3,50.0,16.0
0,9,9,109,4,36999,87.0,12,256,5000.0,3,50.0,16.0
13,30,13,110,57,39999,85.0,8,256,5160.0,3,64.0,32.0
4,31,54,111,6,51999,74.0,4,64,4817.748194014448,2,12.0,12.0
5,9,11,112,58,22999,82.0,6,128,5080.0,3,64.0,16.0
1,2,5,113,17,31999,87.0,6,128,5000.0,4,64.0,32.0
5,32,55,114,59,6171,78.25824800910125,2,32,5000.0,2,8.0,5.0
7,6,9,115,8,29340,83.0,8,128,4500.0,3,50.0,32.0
1,18,24,116,16,25289,87.0,8,128,5000.0,4,108.0,32.0
10,16,16,117,60,21788,78.0,6,128,4700.0,3,64.0,16.0
14,33,49,118,61,69999,83.0,16,512,5000.0,3,50.0,32.0
1,0,25,119,55,70990,88.0,8,128,3900.0,3,50.0,12.0
2,20,56,120,62,34999,89.0,8,128,4800.0,3,50.0,60.0
0,6,9,121,8,33900,85.0,12,256,4500.0,3,50.0,32.0
15,34,6,122,63,29999,71.0,6,128,4410.0,2,12.2,8.0
16,18,57,123,64,18999,84.0,8,128,5000.0,3,108.0,16.0
1,2,5,124,27,19499,84.0,8,128,6000.0,4,50.0,8.0
8,26,58,125,40,24994,83.0,8,128,4200.0,3,64.0,50.0
2,16,59,126,65,10999,78.0,4,64,5000.0,3,50.0,16.0
0,1,1,127,1,24999,85.0,8,256,5000.0,3,64.0,16.0
1,2,5,128,31,25999,82.0,6,128,5000.0,4,48.0,13.0
15,34,6,129,66,34990,69.0,6,128,4410.0,2,12.2,8.0
5,7,60,130,26,13466,74.0,4,64,5000.0,2,50.0,5.0
5,35,61,131,67,9999,76.0,4,64,5020.0,4,48.0,16.0
2,36,33,132,30,7999,71.0,4,64,5000.0,3,48.0,8.0
6,5,8,133,3,28249,86.0,8,256,4500.0,2,50.0,16.0
9,1,17,134,7,16499,82.0,6,128,5000.0,3,64.0,16.0
5,1,17,135,7,22999,87.0,8,256,5000.0,3,108.0,16.0
4,17,23,136,21,46999,75.0,4,128,3110.0,2,12.0,12.0
3,36,15,137,2,13999,74.0,6,128,5000.0,3,50.0,8.0
7,16,37,138,68,13490,78.0,6,128,5000.0,3,50.0,16.0
10,0,62,139,69,28999,82.0,8,128,4700.0,3,64.0,16.0
10,1,12,140,11,15499,78.0,4,128,5000.0,3,50.0,16.0
7,9,28,141,4,39999,86.0,16,256,4500.0,2,50.0,32.0
9,18,18,142,37,12999,76.0,4,64,5000.0,2,50.0,16.0
11,37,63,143,70,4499,78.25824800910125,2,64,2800.0,1,5.0,2.0
0,38,64,144,71,14999,69.0,4,64,6000.0,3,13.0,8.0
1,8,65,145,28,8499,68.0,4,64,5000.0,2,13.0,5.0
10,0,38,146,69,24990,83.0,8,128,4400.0,3,48.0,16.0
1,2,66,147,17,16999,84.0,6,128,6000.0,4,64.0,32.0
5,16,67,148,72,9589,71.0,4,64,6000.0,2,50.0,5.0
4,31,54,149,73,40999,74.0,4,64,4817.748194014448,2,12.0,12.0
5,11,18,150,7,19988,79.0,6,128,5000.0,3,48.0,13.0
2,16,46,151,74,11999,75.0,4,64,5000.0,3,50.0,16.0
4,39,25,152,75,142990,79.0,8,256,4352.0,3,50.0,12.0
7,20,29,153,4,30990,87.0,8,128,5000.0,2,108.0,16.0
16,3,68,154,76,19499,85.0,8,256,5000.0,3,50.0,16.0
3,40,33,155,28,5299,78.25824800910125,2,32,5000.0,1,8.0,5.0
7,1,1,156,33,25969,82.0,8,128,4500.0,3,64.0,16.0
3,20,69,157,77,28999,82.0,6,128,5000.0,3,64.0,32.0
7,0,28,158,38,94990,78.25824800910125,12,256,4520.0,3,50.0,32.0
3,16,70,159,31,14999,81.0,6,128,5000.0,3,108.0,16.0
17,24,37,160,31,14999,74.0,4,64,5000.0,2,50.0,16.0
4,4,6,161,78,129900,84.0,6,128,4352.0,3,12.0,12.0
7,0,9,162,79,58990,88.0,12,256,4700.0,4,64.0,32.0
8,30,35,163,80,41990,88.0,8,128,4810.0,3,50.0,32.0
1,41,71,164,81,10999,74.0,4,64,6000.0,3,50.0,8.0
5,25,32,165,33,11999,79.0,6,128,5000.0,4,64.0,13.0
3,24,37,166,31,16999,79.0,8,128,5000.0,2,50.0,16.0
10,13,38,167,69,30990,83.0,8,128,4500.0,3,48.0,16.0
16,18,12,168,5,17999,75.0,4,64,5000.0,2,50.0,8.0
18,27,72,169,82,5499,78.25824800910125,4,32,4000.0,2,8.0,5.0
5,21,73,170,24,20499,83.0,6,128,5200.0,4,108.0,32.0
3,26,68,171,31,20490,81.0,6,128,5000.0,3,48.0,16.0
7,11,74,172,41,15490,77.0,6,128,5000.0,3,48.0,8.0
4,17,75,173,83,29990,61.0,3,64,2050.0,1,12.0,7.0
10,11,12,174,11,15499,79.0,6,128,5000.0,2,50.0,8.0
5,25,32,175,33,11999,80.0,6,64,5000.0,4,64.0,13.0
3,10,70,176,84,10999,74.0,4,64,5000.0,3,50.0,16.0
8,7,74,177,85,21990,82.0,8,128,5000.0,3,50.0,16.0
8,15,20,178,19,31999,85.0,12,256,4500.0,3,64.0,50.0
9,25,76,179,8,11999,77.0,6,64,5000.0,3,64.0,16.0
16,26,77,180,57,36999,89.0,8,256,4500.0,3,200.0,32.0
13,32,78,181,86,6999,62.0,3,32,5000.0,2,13.0,5.0
2,0,79,182,87,39999,89.0,8,128,4600.0,3,50.0,60.0
1,1,5,183,5,14999,78.0,4,128,5000.0,3,50.0,8.0
3,7,1,184,2,14499,79.0,8,128,5000.0,3,50.0,8.0
0,23,49,185,8,27999,84.0,8,128,4200.0,3,50.0,32.0
2,1,30,186,27,20499,86.0,8,128,5000.0,3,50.0,16.0
19,42,63,187,28,8099,60.0,4,64,5000.0,1,13.0,8.0
20,43,80,188,28,10999,65.0,8,128,5000.0,2,13.0,5.0
3,10,63,189,88,3499,63.0,3,32,4000.0,2,13.0,5.0
21,10,43,190,89,9990,78.25824800910125,4,64,2150.0,1,8.0,2.0
1,13,24,191,90,34999,85.0,6,128,6000.0,3,64.0,32.0
22,20,81,192,91,46999,78.25824800910125,12,256,6000.0,1,200.0,32.0
2,29,56,193,92,39999,88.0,8,128,4400.0,3,50.0,32.0
3,36,15,194,36,11828,70.0,4,64,5000.0,3,50.0,8.0
7,9,9,195,4,45999,86.0,12,256,4500.0,3,50.0,32.0
0,1,1,196,1,18999,81.0,6,128,5000.0,3,50.0,16.0
9,1,17,197,7,17999,84.0,8,128,5000.0,3,64.0,16.0
1,8,65,198,28,8499,66.0,4,64,5000.0,2,13.0,5.0
7,16,82,199,93,17999,76.0,8,128,5000.0,2,50.0,8.0
1,44,39,200,36,14450,75.0,4,64,5000.0,4,50.0,8.0
2,0,79,201,94,54999,78.25824800910125,8,128,4610.0,3,200.0,60.0
5,0,35,202,95,71999,78.25824800910125,12,256,5000.0,4,108.0,32.0
2,16,46,203,74,12999,79.0,6,128,5000.0,3,50.0,16.0
9,7,60,204,96,11499,75.0,4,64,5000.0,2,50.0,8.0
6,5,8,205,3,35999,87.0,12,256,4500.0,2,50.0,16.0
1,28,5,206,77,34999,76.0,6,128,5000.0,3,50.0,32.0
13,24,67,207,97,11999,73.0,8,128,6000.0,2,50.0,8.0
5,3,11,208,7,27994,82.0,8,256,5000.0,3,50.0,16.0
4,14,6,209,18,139990,77.0,6,256,4323.0,3,48.0,12.0
8,6,16,210,15,39999,86.0,12,256,4830.0,3,64.0,32.0
3,18,12,211,41,15499,79.0,6,128,5000.0,3,48.0,16.0
3,1,68,212,84,18999,80.0,6,128,5000.0,3,64.0,16.0
23,7,83,213,98,10999,73.0,4,128,5000.0,3,50.0,8.0
24,1,84,214,7,27999,81.0,8,256,5100.0,3,64.0,16.0
15,45,85,215,99,81999,78.25824800910125,12,128,5000.0,3,50.0,10.8
13,10,70,216,100,9999,74.0,4,64,7000.0,3,50.0,8.0
8,6,58,217,101,31994,85.0,8,128,4300.0,3,108.0,50.0
1,8,33,218,28,9299,65.0,3,32,5000.0,2,13.0,5.0
5,0,21,219,102,29990,84.0,8,128,5500.0,3,64.0,16.0
3,26,86,220,31,25900,78.0,6,128,4500.0,3,50.0,16.0
3,18,12,221,2,16999,78.0,6,128,5000.0,3,50.0,8.0
2,5,8,222,46,24999,85.0,8,128,4020.0,3,50.0,32.0
5,16,32,223,8,12188,79.0,6,64,5000.0,4,50.0,13.0
8,46,87,224,13,8999,78.25824800910125,3,32,5000.0,1,8.0,5.0
9,8,45,225,45,7499,68.0,4,64,5000.0,3,13.0,5.0
3,18,1,226,37,17999,79.0,6,128,5000.0,3,48.0,16.0
3,0,88,227,69,24999,79.0,6,128,5000.0,3,64.0,16.0
7,9,9,228,4,45999,86.0,12,256,4500.0,3,50.0,32.0
0,20,9,229,0,65499,78.25824800910125,12,256,5000.0,3,50.0,32.0
10,0,89,230,49,58990,89.0,8,256,4700.0,3,50.0,16.0
8,16,64,231,26,11999,74.0,4,64,5000.0,2,50.0,8.0
5,16,90,232,103,11999,77.0,8,128,6000.0,2,50.0,5.0
7,7,1,233,10,18990,76.0,6,128,5000.0,2,50.0,8.0
8,16,31,234,56,14499,77.0,4,128,5000.0,3,50.0,16.0
5,0,21,235,104,106990,78.25824800910125,12,256,4500.0,3,50.0,20.0
8,8,14,236,13,10499,66.0,3,64,5000.0,2,13.0,5.0
7,1,34,237,33,26990,86.0,8,256,4500.0,3,64.0,16.0
8,25,31,238,105,19990,82.0,8,128,4050.0,3,50.0,44.0
5,3,91,239,7,24999,89.0,8,256,4300.0,3,200.0,16.0
7,8,82,240,39,13969,69.0,4,64,5000.0,2,13.0,8.0
1,47,29,241,4,44999,83.0,8,128,5000.0,4,108.0,32.0
8,16,92,242,60,24999,84.0,8,128,4700.0,3,64.0,16.0
15,45,85,243,106,53100,86.0,8,128,4355.0,2,50.0,10.8
5,18,18,244,37,16999,81.0,6,128,5000.0,2,50.0,16.0
7,16,93,245,8,21899,82.0,8,128,4500.0,3,64.0,32.0
4,4,6,246,6,75999,82.0,6,256,3279.0,2,12.0,12.0
2,7,94,247,17,25999,85.0,8,256,5000.0,2,50.0,16.0
25,0,9,248,107,46990,84.0,8,128,6000.0,3,50.0,16.0
2,10,95,249,65,9999,75.0,4,64,5000.0,3,50.0,13.0
13,30,13,250,57,49999,89.0,12,256,5160.0,3,50.0,32.0
16,24,96,251,108,17999,87.0,8,128,4500.0,3,108.0,60.0
10,1,12,252,11,16940,80.0,6,128,5000.0,3,50.0,16.0
5,1,97,253,7,17990,81.0,6,64,5000.0,3,108.0,16.0
7,1,29,254,4,20990,84.0,8,128,4800.0,2,108.0,16.0
1,28,8,255,77,51999,79.0,8,128,4200.0,3,12.0,32.0
1,20,13,256,34,64449,87.0,8,128,4500.0,3,50.0,10.0
8,11,98,257,26,8990,71.0,6,64,5000.0,2,13.0,8.0
2,10,99,258,30,19999,77.0,4,128,5000.0,3,50.0,16.0
9,7,60,259,96,13499,79.0,6,128,5000.0,2,50.0,8.0
13,18,36,260,109,15499,78.0,8,128,6000.0,3,50.0,16.0
9,8,45,261,45,6499,65.0,3,32,5000.0,3,13.0,5.0
4,39,75,262,21,71999,60.0,4,64,3060.0,2,12.0,7.0
1,2,5,263,17,36499,89.0,8,256,5000.0,4,64.0,32.0
16,18,57,264,64,15999,78.0,6,64,5000.0,3,50.0,16.0
7,6,100,265,35,31994,87.0,12,256,4500.0,3,50.0,32.0
0,0,0,266,4,34999,84.0,8,128,5000.0,3,50.0,16.0
26,35,101,267,7,18999,81.0,6,128,5000.0,4,108.0,16.0
6,0,38,268,7,39990,88.0,8,128,4700.0,3,50.0,32.0
1,10,65,269,31,16499,82.0,8,128,5000.0,4,64.0,20.0
15,48,85,270,110,54300,89.0,12,128,5003.0,3,50.0,11.1
16,10,93,271,64,9999,73.0,4,64,5000.0,3,50.0,8.0
5,7,60,272,26,15990,77.0,6,128,5000.0,2,50.0,5.0
5,1,17,273,7,22700,86.0,8,128,5000.0,3,108.0,16.0
5,20,35,274,53,50990,89.0,8,256,4600.0,3,50.0,32.0
4,4,6,275,73,64900,79.0,4,128,2438.0,2,12.0,12.0
13,10,70,276,111,13799,77.0,6,128,7000.0,3,50.0,8.0
3,40,33,277,59,8999,65.0,4,64,5000.0,3,13.0,5.0
27,0,102,278,112,89999,88.0,18,512,6000.0,3,50.0,12.0
8,18,40,279,105,21994,84.0,8,128,4050.0,3,50.0,44.0
4,39,75,280,113,69990,70.0,6,128,3500.0,2,12.0,12.0
5,7,42,281,41,12999,75.0,4,64,5000.0,3,48.0,8.0
10,23,49,282,29,24990,83.0,8,128,5000.0,3,64.0,16.0
1,16,39,283,36,19990,82.0,8,128,5000.0,4,50.0,8.0
5,3,11,284,7,26999,82.0,8,128,5000.0,3,50.0,16.0
5,16,21,285,7,19999,81.0,8,128,5000.0,3,50.0,16.0
16,24,103,286,64,16900,83.0,8,256,5000.0,3,108.0,16.0
16,18,12,287,5,19999,78.0,6,128,5000.0,2,50.0,8.0
4,14,6,288,18,182999,78.0,6,1024,4323.0,3,48.0,12.0
1,41,65,289,114,12999,75.0,6,128,6000.0,3,50.0,8.0
9,18,18,290,37,15999,82.0,8,128,5000.0,2,50.0,16.0
5,25,32,291,33,13999,82.0,8,128,5000.0,4,64.0,13.0
3,49,43,292,59,7749,61.0,4,64,5000.0,1,8.0,5.0
1,1,24,293,5,24999,81.0,8,128,5000.0,4,50.0,8.0
2,0,79,294,94,59999,78.25824800910125,12,256,4610.0,3,200.0,60.0
7,1,104,295,33,25895,82.0,8,128,4500.0,3,64.0,16.0
5,0,21,296,115,46990,89.0,8,128,4500.0,3,50.0,32.0
5,10,45,297,45,7499,64.0,3,32,5000.0,1,13.0,5.0
8,8,14,298,13,7790,60.0,2,32,5000.0,1,8.0,5.0
5,9,11,299,58,25999,85.0,8,256,5080.0,3,64.0,16.0
3,40,33,300,28,6299,60.0,3,32,5000.0,1,8.0,5.0
2,1,105,301,57,12999,77.0,4,64,5000.0,3,50.0,13.0
5,16,67,302,72,11999,75.0,6,128,6000.0,2,50.0,5.0
5,16,106,303,35,21890,83.0,6,128,4250.0,3,64.0,20.0
1,13,107,304,116,69999,84.0,8,128,3300.0,2,12.0,10.0
4,31,54,305,6,55999,75.0,4,128,4817.748194014448,2,12.0,12.0
0,0,41,306,4,55999,87.0,16,256,4800.0,3,50.0,16.0
1,44,39,307,36,14999,75.0,4,128,5000.0,4,50.0,8.0
7,15,108,308,8,25994,85.0,8,256,4500.0,3,64.0,32.0
0,13,6,309,69,42999,85.0,8,128,4500.0,3,50.0,16.0
1,2,5,310,17,33499,89.0,8,128,5000.0,4,64.0,32.0
1,20,13,311,23,118999,78.25824800910125,12,512,5000.0,4,108.0,40.0
2,1,8,312,117,16999,80.0,6,128,5000.0,3,50.0,16.0
28,50,109,313,118,6990,78.25824800910125,2,32,4000.0,3,8.0,8.0
8,18,16,314,119,29990,82.0,8,128,5000.0,3,50.0,50.0
1,7,2,315,30,12944,71.0,4,64,5000.0,2,50.0,5.0
9,12,47,316,62,29990,84.0,8,128,5000.0,3,64.0,32.0
24,1,38,317,120,16999,80.0,8,128,4800.0,3,48.0,16.0
10,0,49,318,49,64999,89.0,16,256,5000.0,3,50.0,16.0
1,0,25,319,121,154998,78.25824800910125,12,256,4400.0,3,50.0,10.0
29,13,110,320,122,109999,87.0,8,128,4450.0,3,64.0,32.0
4,4,6,321,32,84999,83.0,6,256,4325.0,2,12.0,12.0
1,2,5,322,31,27499,85.0,8,128,5000.0,4,48.0,13.0
13,8,111,323,123,8999,69.0,6,128,5000.0,2,13.0,8.0
15,48,85,324,31,40480,84.0,8,128,4614.0,2,50.0,8.0
5,35,32,325,7,17999,81.0,6,128,5020.0,4,64.0,16.0
1,19,25,326,124,105999,78.25824800910125,12,256,5000.0,4,108.0,40.0
16,8,112,327,125,8999,67.0,4,64,6000.0,2,13.0,8.0
8,16,64,328,26,14999,77.0,6,128,5000.0,2,50.0,8.0
7,1,68,329,41,19990,82.0,8,128,4500.0,3,64.0,32.0
10,16,16,330,60,23399,80.0,8,128,4700.0,3,64.0,16.0
1,16,5,331,16,41990,78.25824800910125,8,256,5000.0,4,108.0,32.0
3,16,113,332,126,22998,82.0,8,128,5000.0,3,48.0,16.0
9,0,28,333,7,25999,82.0,6,128,4500.0,3,64.0,20.0
16,10,93,334,127,11700,74.0,4,64,5000.0,3,50.0,16.0
1,51,33,335,28,6499,78.25824800910125,2,32,5000.0,1,8.0,5.0
2,35,59,336,76,15999,84.0,6,128,6000.0,3,108.0,32.0
0,13,102,337,0,64800,89.0,8,128,4500.0,4,48.0,16.0
5,25,32,338,8,14590,80.0,6,64,5000.0,4,108.0,16.0
5,8,45,339,45,7499,68.0,4,64,5000.0,2,13.0,5.0
13,18,8,340,128,21999,82.0,8,128,5000.0,3,64.0,16.0
1,8,48,341,28,11999,71.0,4,64,5000.0,2,50.0,5.0
9,25,76,342,8,12999,79.0,6,128,5000.0,3,64.0,16.0
0,1,10,343,33,20990,81.0,6,128,4500.0,3,64.0,16.0
4,4,6,344,6,72999,79.0,4,256,3240.0,2,12.0,12.0
7,0,49,345,29,77990,78.25824800910125,12,256,4700.0,3,50.0,32.0
8,30,35,346,80,56999,78.25824800910125,8,256,4870.0,3,50.3,32.0
2,1,114,347,129,21999,79.0,4,128,5000.0,2,50.0,16.0
2,8,95,348,130,9499,75.0,4,64,5000.0,4,50.0,16.0
5,10,55,349,45,7499,66.0,4,64,5000.0,1,13.0,5.0
11,52,45,350,131,4649,78.25824800910125,2,32,3500.0,1,13.0,8.0
8,10,111,351,132,18000,62.0,4,32,4030.0,2,13.0,8.0
5,0,35,352,102,38999,85.0,8,128,5000.0,3,54.0,16.0
3,53,87,353,28,7145,78.25824800910125,2,32,5000.0,1,8.0,5.0
8,16,15,354,133,14990,77.0,8,128,5000.0,2,50.0,8.0
7,8,82,355,86,15499,70.0,4,64,5000.0,2,50.0,8.0
5,10,115,356,45,9999,69.0,6,128,5000.0,1,13.0,5.0
9,0,28,357,7,29999,86.0,12,256,4500.0,3,64.0,20.0
3,16,70,358,31,15999,84.0,8,128,5000.0,3,108.0,16.0
5,0,35,359,134,59990,89.0,8,128,5000.0,3,200.0,20.0
10,29,53,360,15,34990,84.0,8,128,4350.0,3,48.0,16.0
4,31,54,361,73,45999,75.0,4,128,4817.748194014448,2,12.0,12.0
1,47,116,362,135,119990,85.0,12,256,5100.0,4,200.0,60.0
7,30,117,363,136,89990,88.0,8,128,4300.0,2,50.0,32.0
0,0,41,364,4,50999,87.0,12,256,4800.0,3,50.0,16.0
13,8,111,365,123,7999,65.0,4,64,5000.0,2,13.0,8.0
1,19,25,366,22,43999,88.0,8,256,4500.0,3,12.0,32.0
5,18,18,367,37,18499,83.0,8,128,5000.0,2,50.0,16.0
30,13,30,368,137,134999,78.25824800910125,12,512,4500.0,3,12.0,8.0
8,16,118,369,105,32999,85.0,8,128,4300.0,4,64.0,44.0
9,35,32,370,7,13499,80.0,6,64,6000.0,4,64.0,20.0
1,54,119,371,17,35489,86.0,8,128,4500.0,3,12.0,32.0
15,55,75,372,138,20120,78.0,6,64,2800.0,2,16.0,8.0
1,56,120,373,139,42999,81.0,8,128,4100.0,3,16.0,10.0
3,7,16,374,31,24999,78.0,6,128,4200.0,3,50.0,16.0
7,16,70,375,41,20999,82.0,8,128,4500.0,3,64.0,32.0
3,13,102,376,69,28994,84.0,8,128,5000.0,3,50.0,16.0
1,19,25,377,140,48900,88.0,8,128,4000.0,3,64.0,10.0
1,1,39,378,64,22494,86.0,8,128,4500.0,4,64.0,32.0
8,8,14,379,13,8990,61.0,3,32,5000.0,1,8.0,5.0
18,57,72,380,141,6999,78.25824800910125,4,32,4000.0,3,13.0,8.0
13,58,111,381,142,8890,63.0,4,64,5000.0,2,13.0,8.0
10,1,12,382,11,18498,82.0,8,128,5000.0,3,50.0,16.0
8,16,92,383,60,23999,81.0,6,128,4700.0,3,64.0,16.0
3,26,86,384,31,22994,81.0,8,128,4500.0,3,50.0,16.0
1,41,65,385,30,12990,71.0,4,64,5000.0,3,50.0,5.0
3,16,37,386,48,14999,78.0,6,128,5000.0,3,50.0,16.0
3,7,12,387,41,18499,80.0,8,128,5000.0,3,48.0,16.0
7,11,70,388,117,14990,78.0,6,128,5000.0,3,48.0,16.0
7,12,117,389,143,70990,88.0,8,256,4300.0,2,50.0,32.0
1,10,65,390,31,12120,75.0,4,64,6000.0,4,64.0,20.0
31,10,46,391,144,29990,84.0,8,256,21000.0,3,64.0,16.0
3,1,68,392,84,20999,82.0,8,128,5000.0,3,64.0,16.0
5,35,61,393,67,11999,80.0,6,128,5020.0,4,48.0,16.0
1,7,121,394,30,17990,73.0,4,64,5000.0,3,50.0,5.0
5,18,50,395,37,14990,77.0,4,128,5000.0,2,50.0,16.0
28,59,72,396,145,6490,78.25824800910125,1,16,5000.0,2,8.0,8.0
3,0,122,397,4,34999,83.0,8,128,4600.0,3,50.0,16.0
4,60,6,398,146,149900,79.0,8,128,4700.0,3,48.0,12.0
9,32,55,399,59,6499,78.25824800910125,2,32,5000.0,2,8.0,5.0
1,0,29,400,147,104999,78.25824800910125,12,256,4500.0,3,200.0,10.0
3,16,37,401,48,13999,75.0,4,128,5000.0,3,50.0,16.0
5,18,18,402,37,16999,79.0,6,64,5000.0,2,50.0,16.0
8,20,9,403,47,79999,78.25824800910125,12,256,4700.0,4,50.0,32.0
7,6,102,404,35,36760,87.0,12,256,4500.0,4,64.0,32.0
5,26,17,405,148,23499,81.0,6,128,5160.0,3,108.0,16.0
27,0,49,406,149,75990,87.0,18,256,6000.0,3,64.0,32.0
7,16,123,407,93,21990,76.0,6,128,5000.0,2,48.0,8.0
3,16,113,408,126,18999,80.0,6,128,5000.0,3,48.0,16.0
1,53,65,409,141,7249,66.0,3,32,5000.0,2,48.0,5.0
0,11,124,410,150,16990,75.0,4,64,5000.0,3,13.0,16.0
5,0,125,411,7,23890,80.0,6,128,4520.0,3,48.0,20.0
7,15,102,412,8,26380,83.0,8,128,4300.0,3,64.0,32.0
3,13,102,413,40,27999,87.0,12,256,4200.0,4,64.0,32.0
5,10,45,414,45,10850,70.0,6,128,5000.0,1,13.0,5.0
26,16,21,415,7,19999,81.0,6,128,5000.0,3,108.0,16.0
4,14,6,416,51,129990,76.0,6,256,3200.0,3,48.0,12.0
2,1,8,417,17,19990,81.0,6,128,5000.0,3,108.0,16.0
2,0,79,418,94,41990,78.25824800910125,8,128,4450.0,3,200.0,60.0
5,0,21,419,53,69990,78.25824800910125,8,256,4860.0,3,50.0,32.0
24,5,38,420,7,39990,88.0,12,512,4800.0,3,54.0,32.0
0,20,9,421,0,74999,78.25824800910125,12,512,5000.0,3,50.0,32.0
8,6,58,422,101,36994,87.0,12,256,4300.0,3,108.0,50.0
7,8,112,423,13,14700,76.0,6,128,5000.0,3,50.0,16.0
5,13,35,424,7,34990,86.0,8,128,5000.0,3,108.0,16.0
22,61,123,425,151,34999,76.0,6,64,6000.0,4,108.0,32.0
5,1,32,426,33,13990,75.0,4,64,5000.0,4,48.0,13.0
32,62,23,427,152,650000,62.0,2,64,2275.0,1,13.0,2.1
1,10,65,428,31,14859,79.0,6,128,6000.0,4,64.0,20.0
13,25,126,429,128,17999,84.0,8,128,5000.0,3,64.0,32.0
9,0,28,430,16,34990,85.0,8,128,4700.0,3,64.0,32.0
33,18,19,431,153,14990,85.0,8,128,5000.0,4,48.0,16.0
7,10,33,432,59,8999,65.0,3,32,4230.0,1,13.0,5.0
2,8,87,433,30,8999,71.0,4,64,5000.0,2,50.0,8.0
5,25,32,434,8,15824,84.0,8,128,5000.0,4,108.0,16.0
4,4,54,435,83,43900,78.25824800910125,4,64,4817.748194014448,1,12.0,7.0
1,35,39,436,41,22494,86.0,8,128,4500.0,4,64.0,32.0
9,63,127,437,7,19650,82.0,6,128,5160.0,4,48.0,20.0
5,10,45,438,45,6999,61.0,2,32,5000.0,1,13.0,5.0
1,10,65,439,31,16499,80.0,6,128,5000.0,4,64.0,20.0
2,10,128,440,30,15999,75.0,4,128,5000.0,3,50.0,8.0
27,12,102,441,112,72999,88.0,16,256,6000.0,3,50.0,12.0
5,3,7,442,7,26999,84.0,6,128,4980.0,3,200.0,16.0
16,32,45,443,154,6999,78.25824800910125,2,32,5000.0,2,8.0,5.0
4,39,54,444,155,130990,75.0,8,128,4817.748194014448,3,50.0,12.0
3,36,15,445,2,12787,71.0,4,128,5000.0,3,50.0,8.0
16,8,67,446,125,9999,72.0,4,64,6000.0,3,50.0,8.0
8,30,88,447,29,54999,86.0,8,128,4500.0,3,50.0,32.0
8,10,129,448,85,15490,79.0,8,128,5000.0,3,64.0,16.0
13,25,130,449,156,25999,84.0,8,256,4700.0,3,50.0,48.0
1,8,65,450,28,9499,68.0,4,128,5000.0,2,13.0,5.0
26,10,45,451,157,7999,70.0,4,64,5000.0,2,50.0,5.0
27,0,85,452,158,63990,86.0,8,128,4300.0,2,50.0,12.0
30,8,131,453,159,15990,73.0,4,64,4000.0,3,13.0,8.0
10,13,38,454,69,34949,85.0,12,256,4500.0,3,48.0,16.0
13,10,82,455,153,8799,72.0,4,64,5000.0,3,48.0,8.0
5,10,61,456,41,12390,74.0,4,64,6000.0,4,50.0,8.0
1,10,33,457,160,11499,73.0,4,64,6000.0,4,48.0,13.0
5,63,132,458,161,199990,78.25824800910125,12,512,4050.0,3,108.0,16.5891282051282
7,30,49,459,79,42990,86.0,16,256,5000.0,2,50.0,32.0
25,0,9,460,94,34999,82.0,8,128,5000.0,3,64.0,16.0
1,41,71,461,81,11999,75.0,4,128,6000.0,3,50.0,8.0
22,53,55,462,162,10499,70.0,4,64,5000.0,2,50.0,8.0
16,40,112,463,163,8910,66.0,4,64,6000.0,2,13.0,8.0
8,0,133,464,69,24990,85.0,8,128,4700.0,3,64.0,16.0
7,1,10,465,33,17999,84.0,8,128,4500.0,3,64.0,16.0
5,16,106,466,35,22999,86.0,8,128,4250.0,3,64.0,20.0
3,53,111,467,28,6490,78.25824800910125,2,32,5000.0,1,8.0,5.0
16,25,134,468,7,21990,85.0,8,128,4500.0,3,108.0,16.0
1,10,65,469,31,12364,76.0,4,64,6000.0,4,64.0,20.0
1,63,5,470,164,39990,86.0,6,128,4500.0,3,64.0,10.0
5,55,135,471,165,11999,77.0,6,64,4000.0,2,12.0,20.0
8,64,63,472,166,7499,78.25824800910125,1,16,1900.0,1,5.0,2.0
34,62,136,473,167,3990,60.0,3,32,3500.0,2,13.0,5.0
2,65,87,474,28,10499,65.0,2,64,5000.0,1,13.0,5.0
13,32,33,475,86,6299,78.25824800910125,2,32,5000.0,2,8.0,5.0
28,66,43,476,168,5990,78.25824800910125,2,32,3020.0,1,2.0,0.3
8,0,9,477,50,113990,78.25824800910125,12,256,4730.0,4,50.0,16.0
35,0,137,478,169,239999,81.0,12,512,4700.0,3,50.0,13.0
1,15,34,479,64,21999,84.0,6,128,7000.0,4,64.0,32.0
10,16,31,480,170,15999,80.0,6,128,5000.0,3,50.0,16.0
30,13,138,481,171,69990,86.0,8,128,4000.0,3,12.0,8.0
8,8,135,482,172,12990,71.0,4,128,5000.0,3,13.0,16.0
30,20,94,483,137,92980,78.25824800910125,12,512,5000.0,4,12.0,12.0
13,24,139,484,173,15999,74.0,8,256,6000.0,2,50.0,8.0
35,16,140,485,174,23999,84.0,8,256,4500.0,3,108.0,16.0
8,16,64,486,26,12999,75.0,4,128,5000.0,2,50.0,8.0
25,0,141,487,57,60990,86.0,12,256,5000.0,3,64.0,8.0
2,67,64,488,30,8859,67.0,4,64,5000.0,3,16.0,8.0
10,0,62,489,69,33749,84.0,12,256,4700.0,3,64.0,16.0
1,33,48,490,28,15990,63.0,6,64,5000.0,3,48.0,8.0
9,9,21,491,58,24990,84.0,8,128,5080.0,3,64.0,16.0
3,18,1,492,37,14999,76.0,4,128,5000.0,3,48.0,16.0
8,7,133,493,175,17990,76.0,6,128,4500.0,2,50.0,8.0
24,15,16,494,176,24990,75.0,8,128,4300.0,3,64.0,16.0
5,24,61,495,96,11600,74.0,4,64,5000.0,3,50.0,8.0
3,40,33,496,59,8299,62.0,3,32,5000.0,3,13.0,5.0
2,10,95,497,65,11999,78.0,6,128,5000.0,3,50.0,13.0
1,0,25,498,116,89999,88.0,8,128,3700.0,2,12.0,10.0
0,55,23,499,177,27999,77.0,8,128,3300.0,2,20.0,16.0
15,68,75,500,178,15990,69.0,4,128,3520.0,1,12.2,8.0
5,32,55,501,59,7289,60.0,2,32,5000.0,2,8.0,5.0
24,5,38,502,7,30990,86.0,8,256,4800.0,3,54.0,32.0
3,10,70,503,84,15499,77.0,6,128,5000.0,3,50.0,16.0
8,8,33,504,13,8499,66.0,3,32,5000.0,2,13.0,8.0
1,10,65,505,31,14490,80.0,6,128,6000.0,4,64.0,20.0
1,7,2,506,2,15490,80.0,6,128,5000.0,3,64.0,8.0
3,1,142,507,84,14990,78.0,6,128,5000.0,3,50.0,16.0
9,7,42,508,41,15999,75.0,4,64,5000.0,3,48.0,8.0
15,16,143,509,179,36000,82.0,8,128,4080.0,2,16.0,8.0
0,0,41,510,180,69999,78.25824800910125,12,256,4800.0,3,108.0,32.0
5,3,144,511,7,26990,86.0,8,256,4300.0,3,200.0,16.0
1,41,65,512,114,10630,71.0,4,64,6000.0,3,50.0,8.0
7,9,9,513,4,42990,85.0,8,256,4500.0,3,50.0,32.0
8,6,145,514,96,24990,77.0,8,128,4500.0,3,50.0,16.0
10,16,31,515,170,14489,77.0,4,128,5000.0,3,50.0,16.0
7,16,82,516,10,16490,73.0,6,128,5000.0,2,13.0,8.0
3,26,86,517,31,24494,82.0,8,256,4500.0,3,50.0,16.0
8,8,33,518,13,7999,61.0,2,32,5000.0,1,8.0,5.0
2,29,118,519,181,23990,85.0,6,128,5000.0,3,108.0,16.0
3,20,102,520,0,49959,89.0,8,128,5000.0,3,50.0,32.0
4,4,6,521,43,129900,83.0,6,256,3095.0,3,12.0,12.0
8,25,82,522,105,19990,80.0,8,128,4000.0,3,64.0,16.0
1,33,119,523,182,14990,67.0,4,64,5000.0,3,50.0,16.0
8,35,37,524,105,23269,85.0,8,128,4000.0,3,64.0,44.0
5,35,61,525,67,13999,75.0,4,64,5020.0,4,48.0,16.0
0,9,9,526,4,35389,85.0,8,128,5000.0,3,50.0,16.0
15,48,85,527,110,79700,78.25824800910125,12,256,5003.0,3,50.0,11.1
22,53,78,528,183,9499,62.0,3,32,5050.0,3,13.0,5.0
16,65,112,529,142,12340,76.0,8,128,5000.0,2,50.0,8.0
9,24,61,530,96,10799,74.0,4,64,5000.0,3,50.0,8.0
5,16,67,531,72,14990,73.0,4,128,6000.0,2,50.0,5.0
36,20,102,532,107,61990,89.0,8,128,5000.0,3,64.0,16.0
5,20,35,533,53,51880,78.25824800910125,12,256,4600.0,3,50.0,32.0
7,16,37,534,68,16990,80.0,8,128,5000.0,3,50.0,16.0
35,16,140,535,184,19990,84.0,8,128,4000.0,4,108.0,16.0
1,20,25,536,55,57999,87.0,8,256,3700.0,3,50.0,10.0
37,20,56,537,185,46990,87.0,12,256,5600.0,2,64.0,16.0
8,7,124,538,85,20990,77.0,4,128,5000.0,3,50.0,8.0
22,11,146,539,67,17990,82.0,6,128,4470.0,4,48.0,16.0
3,18,1,540,41,17499,82.0,8,128,5000.0,3,64.0,16.0
3,18,1,541,41,17999,80.0,6,128,5000.0,3,64.0,16.0
22,0,40,542,186,49990,78.25824800910125,8,128,6000.0,4,200.0,32.0
9,1,125,543,7,14999,74.0,4,128,5000.0,3,48.0,8.0
5,35,32,544,7,19980,82.0,6,128,5020.0,4,108.0,16.0
10,0,38,545,69,35990,85.0,12,256,4400.0,3,48.0,16.0
3,10,147,546,117,15999,78.0,4,128,5000.0,4,64.0,16.0
1,54,119,547,187,41999,88.0,8,128,4000.0,3,64.0,10.0
5,23,21,548,102,25999,83.0,8,128,5500.0,3,48.0,20.0
2,67,15,549,30,7990,65.0,3,32,5000.0,3,16.0,8.0
0,6,9,550,8,29990,84.0,8,128,4500.0,3,50.0,32.0
7,21,69,551,188,27990,83.0,8,128,4500.0,4,50.0,16.0
9,0,21,552,102,29999,84.0,8,128,5500.0,3,64.0,16.0
7,10,33,553,59,8999,68.0,4,64,4230.0,1,13.0,5.0
9,25,76,554,8,13999,81.0,8,128,5000.0,3,64.0,16.0
3,10,112,555,28,11499,71.0,4,64,6000.0,3,50.0,8.0
27,29,102,556,189,39999,87.0,8,128,6000.0,3,64.0,24.0
3,16,102,557,190,27999,84.0,8,128,4300.0,3,64.0,32.0
1,15,148,558,30,24499,79.0,6,128,5000.0,4,48.0,13.0
25,0,149,559,107,60999,86.0,12,256,5000.0,3,50.0,16.0
1,13,25,560,191,110999,89.0,12,256,4400.0,3,12.0,10.0
38,16,6,561,153,54999,89.0,8,128,4000.0,3,64.0,32.0
5,35,32,562,67,16490,80.0,6,64,5020.0,4,64.0,32.0
1,35,39,563,41,24990,83.0,6,128,4500.0,4,64.0,32.0
8,69,43,564,192,25000,78.25824800910125,3,16,3360.0,1,13.0,5.0
1,8,33,565,28,9950,66.0,3,64,5000.0,2,13.0,5.0
7,18,150,566,39,12999,75.0,8,128,5000.0,2,13.0,8.0
7,24,151,567,7,19999,83.0,8,256,5000.0,3,50.0,16.0
7,5,49,568,79,32999,84.0,8,256,5000.0,3,50.0,32.0
22,1,152,569,44,28498,81.0,6,128,4500.0,3,50.0,8.0
7,8,82,570,86,15998,71.0,4,128,5000.0,2,50.0,8.0
2,0,79,571,193,59990,89.0,8,128,4800.0,3,50.0,60.0
7,1,4,572,1,16990,78.0,6,128,5000.0,3,64.0,16.0
10,16,16,573,60,27999,82.0,12,256,4700.0,3,64.0,16.0
22,53,67,574,30,13499,75.0,6,128,5050.0,3,50.0,8.0
1,44,39,575,36,16499,78.0,6,128,5000.0,4,50.0,8.0
7,8,111,576,59,10999,66.0,4,64,4230.0,1,13.0,5.0
5,16,67,577,72,13990,71.0,4,64,6000.0,2,50.0,5.0
13,10,64,578,194,9999,74.0,4,64,5000.0,3,48.0,32.0
3,9,9,579,4,31994,83.0,8,128,5000.0,3,50.0,16.0
5,26,153,580,148,24820,83.0,6,128,4500.0,3,108.0,16.0
10,0,88,581,69,22990,83.0,8,128,4700.0,3,64.0,16.0
10,20,49,582,47,59990,88.0,8,256,4700.0,3,50.0,16.0
3,53,111,583,28,8999,62.0,4,64,5000.0,1,8.0,5.0
5,8,45,584,45,10499,72.0,6,128,5000.0,2,13.0,5.0
11,52,43,585,195,7499,78.25824800910125,3,32,3000.0,1,13.0,8.0
5,10,90,586,196,9990,75.0,4,64,4000.0,4,48.0,13.0
5,7,60,587,41,12490,76.0,4,128,5000.0,3,48.0,8.0
8,10,112,588,13,13990,69.0,4,64,5000.0,3,13.0,8.0
1,7,2,589,2,17990,79.0,6,128,5000.0,3,48.0,8.0
8,18,82,590,40,24999,83.0,8,128,4000.0,3,64.0,44.0
3,35,154,591,117,21999,85.0,8,128,4500.0,4,64.0,32.0
0,11,155,592,35,19999,77.0,8,128,4300.0,3,48.0,16.0
1,54,156,593,197,99999,78.25824800910125,12,128,5000.0,4,108.0,40.0
4,17,157,594,198,109900,77.0,4,64,3500.0,3,12.0,12.0
4,70,72,595,83,52990,78.25824800910125,3,32,2230.0,1,13.0,7.0
30,11,158,596,17,19990,80.0,8,128,5000.0,2,50.0,16.0
1,8,33,597,28,11499,69.0,4,128,5000.0,2,13.0,5.0
5,24,76,598,7,13999,75.0,4,64,5000.0,3,48.0,13.0
31,24,159,599,29,22990,82.0,12,256,9800.0,3,64.0,16.5891282051282
8,1,160,600,16,28990,84.0,8,256,5000.0,3,108.0,32.0
9,0,28,601,7,27999,85.0,8,128,4500.0,3,64.0,20.0
5,9,161,602,58,19990,82.0,6,128,5080.0,3,64.0,16.0
3,26,1,603,31,22999,83.0,8,128,5000.0,3,48.0,16.0
8,16,31,604,56,17999,82.0,8,128,5000.0,3,50.0,16.0
5,25,32,605,8,15499,81.0,6,128,5000.0,4,108.0,16.0
23,18,113,606,199,17990,84.0,8,128,5000.0,4,64.0,16.0
3,25,112,607,84,13999,77.0,6,128,5000.0,3,50.0,16.0
7,8,112,608,13,13499,73.0,4,64,5000.0,3,50.0,16.0
9,7,42,609,41,14799,79.0,6,128,5000.0,3,48.0,8.0
3,22,111,610,28,6999,62.0,3,32,5000.0,3,13.0,5.0
7,8,43,611,59,11999,69.0,4,64,5000.0,3,13.0,8.0
8,18,123,612,40,23994,85.0,8,128,4000.0,3,64.0,44.0
4,31,54,613,6,139900,80.0,6,512,4817.748194014448,3,12.0,12.0
30,13,138,614,200,69999,89.0,8,256,4000.0,4,12.0,8.0
2,13,143,615,156,57999,89.0,12,256,5000.0,3,108.0,25.0
1,54,162,616,64,86000,87.0,8,256,4300.0,3,64.0,10.0
1,8,163,617,141,11999,71.0,4,64,5000.0,4,48.0,8.0
5,35,164,618,7,14999,77.0,6,128,5000.0,3,50.0,16.0
3,0,88,619,69,26499,81.0,8,128,5000.0,3,64.0,16.0
3,53,87,620,28,8990,62.0,4,64,5000.0,1,8.0,5.0
4,4,6,621,6,95999,82.0,6,512,3279.0,2,12.0,12.0
10,0,35,622,29,47990,85.0,8,128,4700.0,3,50.0,16.0
13,25,130,623,128,17990,81.0,8,128,5000.0,3,64.0,32.0
0,1,10,624,1,22999,83.0,8,128,5000.0,3,64.0,16.0
1,20,13,625,23,99990,78.25824800910125,8,128,5000.0,4,108.0,40.0
9,20,35,626,7,39999,86.0,8,128,4700.0,3,64.0,20.0
5,13,35,627,7,38999,88.0,12,256,5000.0,3,108.0,16.0
8,8,72,628,13,12490,63.0,4,128,5000.0,2,13.0,8.0
1,0,5,629,164,39990,86.0,6,128,4500.0,3,64.0,10.0
8,10,15,630,85,16685,80.0,8,128,5000.0,3,50.0,16.0
35,71,137,631,201,69990,78.25824800910125,8,128,4400.0,3,50.0,13.0
39,22,111,632,59,6999,66.0,4,64,5000.0,2,13.0,5.0
27,0,102,633,112,71999,86.0,12,256,6000.0,3,50.0,12.0
3,6,165,634,190,26999,84.0,8,128,4500.0,3,64.0,16.0
3,7,12,635,41,16499,75.0,4,128,5000.0,3,48.0,16.0
7,7,150,636,28,17990,74.0,6,128,5000.0,3,13.0,8.0
5,8,45,637,45,8999,68.0,4,64,5000.0,2,13.0,5.0
4,17,157,638,83,39900,63.0,3,64,1821.0,1,12.0,7.0
18,43,80,639,141,5999,60.0,6,64,4000.0,2,8.0,5.0
0,72,49,640,202,34999,76.0,8,128,5000.0,3,64.0,32.0
8,15,58,641,85,16990,77.0,8,128,6000.0,2,50.0,8.0
7,1,10,642,44,22990,84.0,8,128,4800.0,3,50.0,32.0
8,24,166,643,40,19990,84.0,8,256,4500.0,3,64.0,32.0
16,65,112,644,142,10850,74.0,6,64,5000.0,2,50.0,8.0
3,18,1,645,37,13499,75.0,4,64,5000.0,3,48.0,16.0
28,53,167,646,203,6699,61.0,3,64,5000.0,2,8.0,5.0
7,16,82,647,68,17999,80.0,8,128,5000.0,2,50.0,16.0
5,7,168,648,26,13990,69.0,4,128,5000.0,2,50.0,5.0
24,20,49,649,204,94990,78.25824800910125,12,512,4600.0,4,50.0,13.0
13,8,64,650,36,8968,72.0,4,64,5000.0,3,50.0,8.0
16,32,45,651,154,7320,60.0,2,64,5000.0,2,8.0,5.0
3,36,112,652,145,8999,69.0,4,64,5000.0,3,50.0,8.0
1,8,163,653,141,13999,75.0,6,128,5000.0,4,48.0,8.0
13,10,169,654,153,14746,79.0,6,128,5000.0,3,64.0,16.0
5,3,170,655,27,16999,83.0,6,128,5000.0,3,64.0,16.0
5,0,125,656,7,25990,83.0,8,128,4520.0,3,48.0,20.0
5,1,32,657,33,16499,78.0,6,128,5000.0,4,48.0,13.0
5,35,32,658,7,19999,81.0,6,64,5020.0,4,108.0,16.0
5,13,8,659,205,23500,80.0,6,128,5000.0,3,64.0,20.0
38,16,66,660,153,54999,85.0,6,128,4300.0,3,48.0,16.0
2,1,15,661,206,19499,80.0,6,128,5000.0,4,64.0,16.0
38,13,6,662,153,79990,78.25824800910125,8,128,5000.0,3,64.0,10.0
1,56,119,663,64,39999,83.0,6,128,4500.0,3,12.0,32.0
1,56,171,664,207,92999,89.0,12,256,4300.0,4,12.0,10.0
10,0,35,665,29,32990,84.0,8,256,5000.0,3,50.0,16.0
1,41,65,666,30,14499,72.0,4,128,5000.0,3,50.0,5.0
8,7,2,667,13,13999,70.0,4,128,5000.0,2,13.0,5.0
8,46,87,668,13,7999,78.25824800910125,2,32,5000.0,1,8.0,5.0
28,53,167,669,203,5785,78.25824800910125,2,32,5000.0,2,8.0,5.0
5,7,60,670,96,12990,73.0,4,128,5000.0,2,13.0,5.0
9,26,153,671,208,19990,84.0,8,128,5100.0,3,108.0,32.0
7,18,1,672,209,23990,79.0,12,256,5000.0,2,48.0,8.0
1,73,65,673,210,17999,77.0,6,64,4000.0,3,48.0,16.0
16,24,172,674,211,16999,80.0,6,128,5000.0,4,108.0,16.0
24,1,150,675,28,9999,68.0,4,128,5000.0,1,13.0,5.0
16,10,45,676,212,8299,63.0,3,64,5000.0,2,8.0,5.0
30,20,94,677,171,82199,89.0,8,256,5000.0,3,12.0,12.0
25,20,9,678,94,49990,84.0,8,128,5000.0,3,64.0,16.0
22,53,67,679,30,11999,71.0,4,64,5050.0,3,50.0,8.0
5,16,28,680,3,29990,82.0,6,128,4300.0,3,108.0,32.0
7,13,8,681,38,92249,78.25824800910125,8,256,4500.0,3,50.0,32.0
4,4,6,682,78,139900,84.0,6,256,4352.0,3,12.0,12.0
8,10,15,683,13,14990,74.0,4,128,5000.0,3,50.0,8.0
7,11,70,684,33,15988,79.0,6,128,5000.0,3,48.0,16.0
1,74,173,685,213,11725,76.0,4,64,6000.0,3,48.0,20.0
7,24,147,686,33,17994,80.0,8,128,4310.0,4,48.0,16.0
7,13,174,687,214,134999,86.0,8,256,4000.0,3,64.0,16.0
0,11,175,688,150,25595,81.0,6,128,4300.0,4,64.0,16.0
12,75,111,689,215,7499,67.0,6,128,4000.0,1,16.0,13.0
9,10,61,690,216,10890,74.0,6,64,5000.0,4,13.0,8.0
7,24,147,691,33,18990,83.0,8,128,4015.0,4,48.0,16.0
2,1,176,692,67,19990,82.0,6,128,5000.0,3,48.0,16.0
1,74,120,693,213,15990,80.0,4,128,4000.0,3,48.0,32.0
1,54,177,694,207,58999,89.0,12,256,4300.0,4,12.0,10.0
8,10,111,695,172,12500,71.0,4,64,5000.0,3,13.0,16.0
8,11,112,696,217,29999,82.0,8,128,4500.0,4,48.0,32.0
8,76,133,697,218,31990,86.0,8,256,4700.0,3,64.0,32.0
8,18,10,698,40,29999,86.0,8,128,4000.0,3,64.0,44.0
27,12,102,699,112,107990,78.25824800910125,16,512,6000.0,3,50.0,12.0
2,1,56,700,219,31990,84.0,8,128,4020.0,2,64.0,32.0
5,9,35,701,134,48990,87.0,8,128,5000.0,3,108.0,20.0
35,71,38,702,220,99990,85.0,8,256,4500.0,3,64.0,13.0
3,40,33,703,59,9499,65.0,4,64,5000.0,3,13.0,5.0
35,13,178,704,221,162990,89.0,8,512,4600.0,3,50.0,10.7
10,21,44,705,222,24999,80.0,6,128,5000.0,3,50.0,16.0
4,39,75,706,223,82990,72.0,6,128,3285.0,2,50.0,13.0
16,25,103,707,224,15999,79.0,8,128,5000.0,3,50.0,16.0
13,67,111,708,59,8999,64.0,4,64,5000.0,2,16.0,8.0
7,7,150,709,28,17990,73.0,6,128,5000.0,2,13.0,8.0
8,0,49,710,47,82990,78.25824800910125,12,256,4500.0,4,50.0,32.0
5,10,61,711,41,12999,77.0,6,128,6000.0,4,50.0,8.0
35,16,179,712,225,29990,83.0,8,128,4300.0,4,50.0,32.0
13,59,43,713,226,6999,78.25824800910125,1,16,4000.0,2,5.0,5.0
35,13,137,714,227,60999,78.25824800910125,8,256,4360.0,4,50.0,13.0
5,9,21,715,102,27990,83.0,8,128,5500.0,3,48.0,20.0
22,53,111,716,131,5249,78.25824800910125,2,16,3000.0,1,5.0,5.0
3,1,180,717,17,14999,80.0,6,128,5000.0,3,48.0,16.0
7,0,102,718,35,44990,87.0,8,128,4500.0,4,50.0,32.0
2,0,152,719,228,22490,87.0,6,128,5000.0,4,64.0,16.0
7,13,102,720,0,50990,78.25824800910125,12,256,4500.0,4,50.0,32.0
9,11,61,721,216,11499,75.0,6,64,6000.0,3,48.0,8.0
28,77,109,722,145,5990,78.25824800910125,1,16,4000.0,3,8.0,8.0
8,16,118,723,105,27000,84.0,8,128,4000.0,3,64.0,44.0
5,13,181,724,94,29999,86.0,8,128,5000.0,3,108.0,20.0
8,35,93,725,105,27990,84.0,8,256,4500.0,4,48.0,32.0
1,54,5,726,229,74999,89.0,8,128,4000.0,3,64.0,10.0
8,11,112,727,216,9990,72.0,4,64,5000.0,3,16.0,16.0
7,1,147,728,213,19990,82.0,8,128,4000.0,4,64.0,32.0
3,35,182,729,213,13279,75.0,4,64,4000.0,4,64.0,16.0
8,10,111,730,172,11000,68.0,3,64,5000.0,3,13.0,8.0
5,55,135,731,165,12999,78.0,6,128,4000.0,2,12.0,20.0
9,32,55,732,59,7299,61.0,3,32,5000.0,2,8.0,5.0
19,42,63,733,28,7999,61.0,4,32,5000.0,1,20.0,13.0
5,0,21,734,53,54990,86.0,8,128,5000.0,3,50.0,20.0
8,72,49,735,7,49990,77.0,12,256,5000.0,3,50.0,32.0
24,20,0,736,230,54990,78.25824800910125,12,256,4500.0,3,200.0,50.0
4,4,54,737,231,49990,60.0,4,64,4817.748194014448,1,12.0,10.8
13,18,15,738,57,15499,71.0,4,128,6000.0,2,50.0,8.0
4,14,6,739,18,169900,78.0,6,512,4323.0,3,48.0,12.0
15,34,28,740,27,53990,75.0,8,128,4830.0,2,50.0,10.1
8,6,58,741,11,18990,80.0,8,128,6000.0,2,50.0,16.0
2,1,10,742,74,16999,76.0,4,64,5000.0,3,50.0,16.0
2,21,28,743,232,34999,86.0,8,128,4200.0,3,50.0,32.0
8,20,47,744,233,82990,78.25824800910125,12,512,5000.0,4,50.0,16.0
3,20,102,745,0,46999,89.0,12,256,5000.0,3,50.0,32.0
8,8,33,746,13,8499,66.0,3,32,5000.0,2,13.0,8.0
24,16,183,747,234,16999,76.0,6,128,4000.0,4,64.0,16.0
1,53,65,748,141,11499,69.0,4,64,5000.0,2,48.0,5.0
1,20,13,749,34,88999,88.0,8,256,4500.0,3,50.0,10.0
8,16,15,750,26,15990,81.0,8,128,5000.0,3,50.0,16.0
5,26,17,751,148,24990,83.0,8,128,5160.0,3,108.0,16.0
7,20,9,752,0,79990,78.25824800910125,8,256,5000.0,3,50.0,32.0
13,78,111,753,13,6249,61.0,2,32,5000.0,2,13.0,8.0
8,16,15,754,13,12499,69.0,3,64,5000.0,2,13.0,8.0
5,10,45,755,45,6499,61.0,2,32,5000.0,1,13.0,5.0
4,4,6,756,78,179900,86.0,6,1024,4352.0,3,12.0,12.0
8,11,43,757,13,11990,68.0,3,64,5000.0,3,13.0,8.0
8,25,184,758,105,26990,82.0,8,128,4050.0,3,64.0,50.0
1,10,33,759,160,13499,76.0,6,128,6000.0,4,48.0,13.0
5,0,21,760,53,75999,78.25824800910125,12,256,4800.0,3,50.0,20.0
39,36,111,761,59,5999,60.0,3,32,5000.0,1,8.0,5.0
1,8,65,762,28,8499,67.0,3,32,5000.0,3,13.0,5.0
7,8,135,763,235,11990,71.0,4,128,5000.0,3,13.0,16.0
5,7,185,764,236,10990,77.0,4,128,5000.0,4,48.0,13.0
5,13,21,765,237,109990,78.25824800910125,12,256,5020.0,3,108.0,20.0
3,7,146,766,41,16999,80.0,6,128,5000.0,3,48.0,16.0
7,8,135,767,235,12199,70.0,4,64,5000.0,3,13.0,16.0
7,8,111,768,59,11490,72.0,4,128,4230.0,3,13.0,8.0
28,50,109,769,238,5490,78.25824800910125,1,16,4000.0,2,8.0,5.0
5,11,61,770,216,11499,74.0,4,64,6000.0,4,48.0,8.0
1,19,25,771,16,59450,88.0,8,128,4800.0,3,64.0,10.0
9,35,32,772,67,12799,76.0,4,64,5000.0,4,48.0,16.0
1,54,119,773,239,83000,88.0,8,128,4500.0,4,64.0,10.0
3,35,147,774,37,14490,80.0,6,64,4300.0,4,64.0,16.0
35,79,186,775,240,82990,78.25824800910125,8,256,4200.0,4,50.0,32.0
8,11,111,776,172,9490,64.0,3,32,5000.0,2,13.0,8.0
8,11,135,777,241,25000,78.0,8,128,3700.0,3,48.0,32.0
8,80,111,778,242,15000,65.0,4,64,4030.0,2,13.0,20.0
8,10,111,779,243,20990,70.0,4,128,3315.0,2,16.0,25.0
1,81,131,780,244,34999,78.0,6,128,3500.0,2,12.0,8.0
3,20,53,781,54,29999,80.0,8,128,5000.0,3,50.0,16.0
8,15,187,782,13,11999,67.0,4,128,6000.0,2,13.0,5.0
1,8,48,783,28,12999,72.0,4,128,5000.0,2,50.0,5.0
40,20,188,784,245,124990,89.0,12,256,5000.0,2,47.2,12.6
5,23,7,785,24,28999,85.0,8,128,5080.0,3,50.0,32.0
16,25,64,786,246,12999,77.0,8,128,5000.0,2,50.0,8.0
3,0,88,787,69,28499,82.0,8,256,5000.0,3,64.0,16.0
4,4,6,788,32,104999,83.0,6,512,4325.0,2,12.0,12.0
4,14,6,789,51,172999,77.0,6,1024,3200.0,3,48.0,12.0
5,11,42,790,247,17990,79.0,6,128,5100.0,2,64.0,16.0
5,24,61,791,96,13774,76.0,6,128,5000.0,3,50.0,8.0
22,53,43,792,59,8999,64.0,4,64,5050.0,2,13.0,5.0
0,18,10,793,10,18990,75.0,4,64,5000.0,2,48.0,16.0
13,10,157,794,248,14999,77.0,6,128,5000.0,3,48.0,32.0
3,40,87,795,28,7999,61.0,3,32,5000.0,1,8.0,5.0
5,0,35,796,249,39999,85.0,8,128,5000.0,3,108.0,20.0
7,8,82,797,39,11990,67.0,3,64,5000.0,2,13.0,8.0
16,10,93,798,127,12999,77.0,6,128,5000.0,3,50.0,16.0
1,33,6,799,250,54999,77.0,8,128,4500.0,4,64.0,32.0
1,33,3,800,64,24990,72.0,6,128,6000.0,3,64.0,32.0
8,30,88,801,29,59999,88.0,12,256,4500.0,3,50.0,32.0
9,47,3,802,7,19999,72.0,6,128,5000.0,4,64.0,32.0
16,25,82,803,64,16999,79.0,8,128,5000.0,3,50.0,16.0
1,28,45,804,28,14999,60.0,4,64,6000.0,3,48.0,8.0
8,47,44,805,19,29990,76.0,8,128,4500.0,3,50.0,16.0
5,7,168,806,26,13990,69.0,4,128,5000.0,2,50.0,5.0
5,25,101,807,7,17999,81.0,6,128,5000.0,4,108.0,16.0
3,40,15,808,36,11399,73.0,4,64,5000.0,3,50.0,8.0
8,7,98,809,85,19990,79.0,8,128,6000.0,2,50.0,8.0
8,16,15,810,251,15499,74.0,4,128,5000.0,3,50.0,8.0
12,27,43,811,252,6999,78.25824800910125,3,32,4800.0,1,13.0,5.0
5,35,61,812,67,12499,77.0,4,128,5020.0,4,48.0,16.0
4,4,6,813,6,91999,80.0,4,512,3240.0,2,12.0,12.0
16,10,111,814,253,9690,71.0,4,64,5000.0,3,50.0,8.0
3,0,102,815,3,32990,85.0,8,128,4500.0,3,50.0,32.0
5,20,21,816,219,42990,87.0,8,128,4500.0,3,50.0,32.0
41,52,72,817,254,14999,78.25824800910125,2,16,2000.0,1,5.0,2.0
5,35,32,818,35,18699,82.0,8,128,4250.0,3,64.0,16.0
3,7,74,819,250,10990,76.0,4,128,5000.0,3,48.0,16.0
5,13,125,820,7,30990,85.0,8,128,4520.0,3,108.0,20.0
37,13,49,821,46,59999,89.0,16,512,5000.0,2,64.0,20.0
1,54,189,822,255,23999,83.0,6,128,7000.0,4,64.0,32.0
3,15,98,823,28,9999,69.0,4,128,5000.0,3,13.0,8.0
4,31,54,824,6,119900,80.0,6,256,4817.748194014448,3,12.0,12.0
5,10,55,825,45,9299,67.0,4,128,5000.0,1,13.0,5.0
3,25,147,826,41,12989,77.0,6,64,4300.0,4,64.0,16.0
1,82,43,827,256,4999,78.25824800910125,1,16,3000.0,1,8.0,5.0
7,16,190,828,33,29990,83.0,8,128,4300.0,4,64.0,32.0
7,8,111,829,28,12490,72.0,6,128,4230.0,3,12.0,8.0
30,11,191,830,257,27999,75.0,4,128,3600.0,3,12.0,8.0
8,10,111,831,258,8199,78.25824800910125,2,32,4030.0,1,13.0,5.0
35,83,192,832,213,21990,81.0,8,128,4200.0,4,48.0,16.0
8,10,112,833,216,20000,73.0,4,128,5000.0,3,16.0,16.0
8,11,112,834,216,11990,74.0,6,64,5000.0,3,16.0,16.0
5,10,193,835,216,11989,75.0,4,64,5020.0,4,48.0,13.0
5,11,61,836,258,11490,66.0,4,64,5000.0,2,12.0,8.0
2,10,55,837,215,11490,68.0,4,64,4000.0,3,13.0,8.0
15,11,157,838,259,15999,67.0,4,64,3700.0,1,12.2,8.0
1,84,173,839,260,17990,69.0,4,64,3100.0,2,16.0,25.0
1,56,194,840,261,78990,86.0,8,256,4500.0,3,16.0,10.0
35,85,111,841,262,10949,66.0,4,64,3000.0,2,13.0,16.0
5,11,63,842,167,10300,65.0,4,64,4100.0,1,13.0,5.0
42,3,57,843,11,45999,88.0,12,256,22000.0,3,108.0,32.0
35,33,195,844,59,21990,63.0,4,64,5000.0,3,50.0,5.0
10,47,196,845,263,19990,76.0,8,128,5000.0,3,64.0,16.0
8,16,160,846,7,32990,84.0,8,256,5000.0,3,64.0,32.0
9,24,61,847,96,14499,77.0,6,128,5000.0,3,50.0,8.0
22,1,34,848,8,41990,85.0,6,128,4200.0,2,50.0,16.0
13,10,45,849,97,13990,67.0,6,128,7000.0,2,16.0,8.0
8,8,33,850,13,10490,67.0,3,64,5000.0,2,13.0,8.0
35,16,159,851,7,29990,82.0,8,128,4000.0,3,50.0,60.0
35,16,197,852,234,22990,82.0,8,128,5000.0,4,50.0,8.0
1,6,145,853,64,47990,80.0,8,128,5000.0,3,48.0,16.0
16,25,172,854,16,19999,84.0,8,128,4500.0,3,108.0,16.0
0,21,9,855,264,29999,83.0,8,128,4500.0,3,50.0,32.0
3,40,15,856,36,11879,74.0,4,128,5000.0,3,50.0,8.0
0,9,41,857,4,28990,84.0,8,128,4500.0,3,50.0,16.0
10,29,53,858,15,39990,85.0,12,256,4350.0,3,48.0,16.0
5,15,50,859,265,15999,78.0,6,64,5000.0,3,64.0,16.0
7,1,123,860,33,22990,82.0,8,256,4500.0,2,48.0,16.0
29,13,110,861,266,149999,87.0,8,128,3360.0,3,64.0,32.0
13,10,157,862,267,11499,75.0,4,128,5000.0,3,48.0,16.0
13,25,184,863,16,22999,84.0,8,256,5000.0,4,50.0,48.0
13,8,43,864,154,7999,70.0,4,64,5000.0,2,50.0,8.0
3,0,102,865,268,31999,82.0,8,128,5000.0,3,64.0,16.0
30,11,94,866,269,30990,78.0,6,64,4500.0,3,12.0,8.0
3,8,111,867,59,7999,64.0,3,32,6000.0,3,13.0,5.0
13,10,112,868,270,10999,74.0,4,64,7000.0,4,48.0,8.0
9,7,44,869,7,14990,79.0,6,128,5000.0,3,50.0,16.0
2,35,182,870,76,14499,77.0,4,64,6000.0,3,64.0,16.0
0,13,102,871,3,44999,86.0,8,128,4500.0,4,108.0,16.0
3,10,147,872,117,17999,83.0,8,128,5000.0,4,64.0,16.0
3,18,198,873,17,19999,83.0,8,128,5000.0,3,48.0,16.0
28,86,72,874,168,3999,78.25824800910125,1,8,2400.0,1,5.0,2.0
1,19,25,875,124,101999,78.25824800910125,12,128,5000.0,4,108.0,40.0
7,3,190,876,271,38700,84.0,8,128,4350.0,4,64.0,32.0
0,11,154,877,272,19999,73.0,4,64,4500.0,4,48.0,13.0
1,41,65,878,30,10999,72.0,4,64,6000.0,4,48.0,8.0
0,38,112,879,162,16990,68.0,4,64,5000.0,3,13.0,8.0
4,31,54,880,73,55999,75.0,4,256,4817.748194014448,2,12.0,12.0
4,31,54,881,6,67999,76.0,4,256,4817.748194014448,2,12.0,12.0
7,8,111,882,59,9999,66.0,3,32,4230.0,3,13.0,5.0
5,35,61,883,67,14439,77.0,4,128,5020.0,4,48.0,16.0
7,67,111,884,242,9990,64.0,3,32,4230.0,2,13.0,5.0
3,13,102,885,40,24999,85.0,8,128,4200.0,4,64.0,32.0
1,54,5,886,273,85990,78.25824800910125,8,128,4500.0,4,64.0,10.0
5,55,199,887,274,480000,88.0,8,256,4000.0,3,48.0,20.0
5,25,61,888,216,16999,78.0,6,64,4500.0,4,64.0,20.0
3,87,111,889,215,8999,78.25824800910125,2,16,4000.0,2,13.0,8.0
7,88,43,890,259,15990,62.0,3,32,3200.0,1,13.0,16.0
34,62,136,891,275,3890,78.25824800910125,3,32,2500.0,1,13.0,13.0
4,14,6,892,276,84990,75.0,8,128,4532.0,2,12.0,12.0
8,7,124,893,85,21999,78.0,4,128,5000.0,3,50.0,8.0
23,8,111,894,28,8999,66.0,4,64,5000.0,3,13.0,8.0
13,7,8,895,277,20999,79.0,6,128,5000.0,3,50.0,16.0
7,6,9,896,8,32990,84.0,8,128,4500.0,3,50.0,32.0
2,8,14,897,30,9022,70.0,4,64,5000.0,2,16.0,8.0
5,32,55,898,59,8399,61.0,3,32,5000.0,2,8.0,5.0
16,10,43,899,278,9999,64.0,3,64,5000.0,2,13.0,8.0
13,8,111,900,123,8390,63.0,3,64,5000.0,2,13.0,8.0
36,0,200,901,109,19999,82.0,6,128,4200.0,4,50.0,16.0
24,10,14,902,28,13999,71.0,4,64,5000.0,3,50.0,5.0
5,16,21,903,3,29999,85.0,8,128,4500.0,3,50.0,32.0
43,10,14,904,192,8990,60.0,3,32,3000.0,1,13.0,5.0
1,0,25,905,121,163980,78.25824800910125,12,1024,4400.0,3,50.0,10.0
6,5,8,906,3,24990,80.0,6,128,5000.0,2,50.0,16.0
2,0,79,907,279,59990,78.25824800910125,8,128,4450.0,3,200.0,60.0
0,0,41,908,4,47990,86.0,12,256,4800.0,3,50.0,16.0
3,0,0,909,4,40990,86.0,8,128,5000.0,3,50.0,16.0
1,33,189,910,250,22999,74.0,8,128,6000.0,3,64.0,32.0
1,33,15,911,141,12990,63.0,4,64,5000.0,2,48.0,5.0
16,10,93,912,127,14999,79.0,8,128,5000.0,3,50.0,16.0
9,6,201,913,263,42999,86.0,8,128,4500.0,3,64.0,20.0
10,1,12,914,280,14999,78.0,4,128,5000.0,3,50.0,16.0
8,16,31,915,170,22990,83.0,8,128,5000.0,3,50.0,16.0
8,20,38,916,50,118990,78.25824800910125,12,512,4600.0,4,50.0,16.0
7,13,88,917,69,29990,81.0,8,128,5000.0,3,50.0,16.0
13,58,111,918,142,7399,62.0,3,64,5000.0,2,13.0,8.0
10,1,202,919,7,17999,80.0,8,128,4200.0,3,50.0,16.0
16,10,82,920,64,12799,77.0,6,128,5000.0,3,50.0,16.0
5,26,153,921,148,26999,86.0,8,128,4500.0,3,108.0,16.0
1,7,2,922,2,22999,82.0,8,128,5000.0,3,64.0,8.0
4,4,6,923,43,147900,84.0,6,1024,3095.0,3,12.0,12.0
25,29,85,924,281,44999,84.0,8,128,5050.0,3,64.0,8.0
39,22,111,925,59,7790,68.0,6,64,5000.0,2,13.0,5.0
22,0,123,926,282,39990,87.0,6,128,6000.0,4,200.0,16.0
8,11,43,927,13,9999,65.0,3,32,5000.0,2,13.0,8.0
7,16,12,928,41,22990,80.0,6,128,4000.0,4,64.0,16.0
9,6,11,929,7,32999,79.0,6,128,5065.0,3,64.0,16.0
24,16,38,930,225,32990,85.0,6,128,4300.0,4,108.0,32.0
7,8,135,931,235,14999,74.0,6,128,5000.0,3,13.0,16.0
3,25,112,932,84,12499,74.0,4,64,5000.0,3,50.0,16.0
10,13,38,933,69,39990,84.0,8,128,4000.0,3,48.0,16.0
3,49,43,934,59,6499,61.0,2,32,5000.0,1,8.0,5.0
1,10,65,935,283,18499,76.0,6,128,5000.0,4,48.0,13.0
3,13,102,936,190,30994,85.0,8,128,4500.0,3,64.0,16.0
15,16,143,937,284,32999,78.0,6,128,4620.0,2,16.0,8.0
1,41,173,938,30,10499,73.0,4,64,6000.0,4,48.0,8.0
1,74,173,939,213,19999,82.0,6,128,6000.0,3,64.0,32.0
1,41,45,940,28,17499,75.0,6,128,5000.0,4,48.0,13.0
5,10,45,941,45,10990,69.0,6,128,5000.0,1,13.0,5.0
8,11,82,942,105,19000,82.0,8,128,4100.0,3,48.0,32.0
7,38,112,943,98,13990,70.0,6,128,5000.0,3,13.0,16.0
3,10,112,944,28,10499,72.0,4,64,6000.0,3,48.0,8.0
28,53,63,945,285,5890,78.25824800910125,3,32,4000.0,2,8.0,5.0
3,8,111,946,28,6490,61.0,2,32,5000.0,2,13.0,5.0
5,13,203,947,286,54999,88.0,8,256,4780.0,4,108.0,20.0
8,38,111,948,287,9990,65.0,4,64,5000.0,2,13.0,13.0
0,16,155,949,35,24999,79.0,8,128,4300.0,3,64.0,16.0
44,13,189,950,288,59990,88.0,12,256,3730.0,3,48.0,16.0
35,79,204,951,289,214990,78.25824800910125,12,512,4500.0,4,40.0,32.0
1,89,173,952,290,9990,63.0,2,32,4000.0,3,13.0,8.0
3,10,111,953,291,6999,78.25824800910125,2,16,4000.0,2,13.0,5.0
35,79,205,954,292,169000,78.25824800910125,8,512,4500.0,4,48.0,16.5891282051282
1,1,131,955,213,39990,78.0,6,128,3400.0,3,24.0,24.0
1,84,45,956,293,21490,70.0,4,64,3300.0,3,24.0,24.0
8,90,43,957,294,13490,78.25824800910125,3,16,2730.0,1,13.0,5.0
9,10,45,958,157,7999,70.0,4,64,5000.0,2,50.0,5.0
45,8,206,959,88,8990,67.0,4,64,5180.0,2,13.0,8.0
24,8,195,960,295,13999,75.0,6,128,5000.0,4,50.0,8.0
7,7,207,961,10,13990,72.0,6,128,5000.0,2,13.0,8.0
42,25,158,962,196,14999,84.0,8,128,6000.0,3,108.0,32.0
23,32,45,963,145,6999,78.25824800910125,3,32,4000.0,2,8.0,5.0
2,0,56,964,94,42990,87.0,8,128,4500.0,3,50.0,32.0
19,50,136,965,296,6799,61.0,4,64,5000.0,1,20.0,13.0
31,10,208,966,297,25899,72.0,6,128,8000.0,3,16.0,8.0
5,0,21,967,298,54999,89.0,12,256,5000.0,3,50.0,32.0
2,0,56,968,299,49990,89.0,8,128,5000.0,3,50.0,32.0
5,23,47,969,16,32990,86.0,8,256,5000.0,3,64.0,32.0
3,40,87,970,28,8720,64.0,4,64,5000.0,1,8.0,5.0
7,0,49,971,208,69990,89.0,8,256,4700.0,3,50.0,32.0
28,86,72,972,168,4787,78.25824800910125,2,32,3020.0,1,2.0,16.5891282051282
15,34,28,973,300,70990,80.0,12,256,5000.0,3,50.0,12.0
8,0,38,974,50,119990,78.25824800910125,12,256,4800.0,3,50.0,32.0
2,20,51,975,24,34990,83.0,8,128,5000.0,3,64.0,16.0
24,1,209,976,28,14990,75.0,6,128,5000.0,3,48.0,8.0
9,9,21,977,58,28990,85.0,8,256,5080.0,3,64.0,16.0
2,1,188,978,301,19990,80.0,6,128,5000.0,3,108.0,32.0
1,33,3,979,250,24990,74.0,8,128,5000.0,3,64.0,32.0
